player_name,team,opponent_team,venue,match_runs,match_wickets,total_runs,highest_score,batting_avg,strike_rate,bowling_runs,total_wickets,bowling_avg,economy
A Dutt,Netherlands,Australia,"Arun Jaitley Stadium, Delhi",1,1,70,23,11.66,80.45,426,10,42.6,5.49
A Dutt,Netherlands,Bangladesh,"Eden Gardens, Kolkata",9,1,70,23,11.66,80.45,426,10,42.6,5.49
A Dutt,Netherlands,New Zealand,"Rajiv Gandhi International Stadium, Uppal, Hyderabad",11,2,70,23,11.66,80.45,426,10,42.6,5.49
A Dutt,Netherlands,Pakistan,"Rajiv Gandhi International Stadium, Uppal, Hyderabad",1,1,70,23,11.66,80.45,426,10,42.6,5.49
A Dutt,Netherlands,South Africa,"Himachal Pradesh Cricket Association Stadium, Dharamsala",23,0,70,23,11.66,80.45,426,10,42.6,5.49
A Dutt,Netherlands,Sri Lanka,"Bharat Ratna Shri Atal Bihari Vajpayee Ekana Cricket Stadium, Lucknow",9,3,70,23,11.66,80.45,426,10,42.6,5.49
A Zampa,Australia,India,"MA Chidambaram Stadium, Chepauk, Chennai",6,0,48,29,16.0,80.0,416,22,18.9,5.26
A Zampa,Australia,Netherlands,"Arun Jaitley Stadium, Delhi",1,4,48,29,16.0,80.0,416,22,18.9,5.26
A Zampa,Australia,New Zealand,"Himachal Pradesh Cricket Association Stadium, Dharamsala",0,3,48,29,16.0,80.0,416,22,18.9,5.26
A Zampa,Australia,Pakistan,"M Chinnaswamy Stadium, Bengaluru",1,4,48,29,16.0,80.0,416,22,18.9,5.26
A Zampa,Australia,South Africa,"Bharat Ratna Shri Atal Bihari Vajpayee Ekana Cricket Stadium, Lucknow",11,1,48,29,16.0,80.0,416,22,18.9,5.26
AAP Atkinson,England,South Africa,"Wankhede Stadium, Mumbai",35,2,37,35,18.5,160.86,146,4,36.5,6.08
AD Mathews,Sri Lanka,Afghanistan,"Maharashtra Cricket Association Stadium, Pune",23,0,51,23,12.75,65.38,107,6,17.83,4.82
AK Markram,South Africa,Australia,"Bharat Ratna Shri Atal Bihari Vajpayee Ekana Cricket Stadium, Lucknow",56,0,396,106,49.5,114.45,62,0,0.0,5.9
AK Markram,South Africa,Bangladesh,"Wankhede Stadium, Mumbai",60,0,396,106,49.5,114.45,62,0,0.0,5.9
AK Markram,South Africa,England,"Wankhede Stadium, Mumbai",42,0,396,106,49.5,114.45,62,0,0.0,5.9
AK Markram,South Africa,Netherlands,"Himachal Pradesh Cricket Association Stadium, Dharamsala",1,0,396,106,49.5,114.45,62,0,0.0,5.9
AK Markram,South Africa,New Zealand,"Maharashtra Cricket Association Stadium, Pune",6,0,396,106,49.5,114.45,62,0,0.0,5.9
AK Markram,South Africa,Pakistan,"MA Chidambaram Stadium, Chepauk, Chennai",91,0,396,106,49.5,114.45,62,0,0.0,5.9
AK Markram,South Africa,Sri Lanka,"Arun Jaitley Stadium, Delhi",106,0,396,106,49.5,114.45,62,0,0.0,5.9
AT Carey,Australia,India,"MA Chidambaram Stadium, Chepauk, Chennai",0,0,0,0,0.0,0.0,0,0,0.0,0.0
AT Nidamanuru,Netherlands,Australia,"Arun Jaitley Stadium, Delhi",14,0,164,54,27.33,98.2,0,0,0.0,0.0
AT Nidamanuru,Netherlands,New Zealand,"Rajiv Gandhi International Stadium, Uppal, Hyderabad",21,0,164,54,27.33,98.2,0,0,0.0,0.0
AT Nidamanuru,Netherlands,Pakistan,"Rajiv Gandhi International Stadium, Uppal, Hyderabad",5,0,164,54,27.33,98.2,0,0,0.0,0.0
AT Nidamanuru,Netherlands,South Africa,"Himachal Pradesh Cricket Association Stadium, Dharamsala",20,0,164,54,27.33,98.2,0,0,0.0,0.0
AT Nidamanuru,Netherlands,Sri Lanka,"Bharat Ratna Shri Atal Bihari Vajpayee Ekana Cricket Stadium, Lucknow",9,0,164,54,27.33,98.2,0,0,0.0,0.0
AU Rashid,England,Afghanistan,"Arun Jaitley Stadium, Delhi",20,4,92,20,15.33,101.09,413,15,27.53,5.18
AU Rashid,England,Bangladesh,"Himachal Pradesh Cricket Association Stadium, Dharamsala",11,1,92,20,15.33,101.09,413,15,27.53,5.18
AU Rashid,England,India,"Bharat Ratna Shri Atal Bihari Vajpayee Ekana Cricket Stadium, Lucknow",13,2,92,20,15.33,101.09,413,15,27.53,5.18
AU Rashid,England,New Zealand,"Narendra Modi Stadium, Ahmedabad",15,0,92,20,15.33,101.09,413,15,27.53,5.18
AU Rashid,England,South Africa,"Wankhede Stadium, Mumbai",10,2,92,20,15.33,101.09,413,15,27.53,5.18
AU Rashid,England,Sri Lanka,"M Chinnaswamy Stadium, Bengaluru",2,0,92,20,15.33,101.09,413,15,27.53,5.18
Abdullah Shafique,Pakistan,Afghanistan,"MA Chidambaram Stadium, Chepauk, Chennai",58,0,336,113,42.0,93.33,0,0,0.0,0.0
Abdullah Shafique,Pakistan,Australia,"M Chinnaswamy Stadium, Bengaluru",64,0,336,113,42.0,93.33,0,0,0.0,0.0
Abdullah Shafique,Pakistan,Bangladesh,"Eden Gardens, Kolkata",68,0,336,113,42.0,93.33,0,0,0.0,0.0
Abdullah Shafique,Pakistan,India,"Narendra Modi Stadium, Ahmedabad",20,0,336,113,42.0,93.33,0,0,0.0,0.0
Abdullah Shafique,Pakistan,South Africa,"MA Chidambaram Stadium, Chepauk, Chennai",9,0,336,113,42.0,93.33,0,0,0.0,0.0
Abdullah Shafique,Pakistan,Sri Lanka,"Rajiv Gandhi International Stadium, Uppal, Hyderabad",113,0,336,113,42.0,93.33,0,0,0.0,0.0
Azmatullah Omarzai,Afghanistan,Bangladesh,"Himachal Pradesh Cricket Association Stadium, Dharamsala",22,1,353,97,70.6,97.78,270,7,38.57,7.1
Azmatullah Omarzai,Afghanistan,England,"Arun Jaitley Stadium, Delhi",19,0,353,97,70.6,97.78,270,7,38.57,7.1
Azmatullah Omarzai,Afghanistan,India,"Arun Jaitley Stadium, Delhi",62,0,353,97,70.6,97.78,270,7,38.57,7.1
Azmatullah Omarzai,Afghanistan,New Zealand,"MA Chidambaram Stadium, Chepauk, Chennai",27,2,353,97,70.6,97.78,270,7,38.57,7.1
Azmatullah Omarzai,Afghanistan,Sri Lanka,"Maharashtra Cricket Association Stadium, Pune",73,1,353,97,70.6,97.78,270,7,38.57,7.1
BA Stokes,England,India,"Bharat Ratna Shri Atal Bihari Vajpayee Ekana Cricket Stadium, Lucknow",0,0,304,108,50.66,89.14,0,0,0.0,0.0
BA Stokes,England,South Africa,"Wankhede Stadium, Mumbai",5,0,304,108,50.66,89.14,0,0,0.0,0.0
BA Stokes,England,Sri Lanka,"M Chinnaswamy Stadium, Bengaluru",43,0,304,108,50.66,89.14,0,0,0.0,0.0
BFW de Leede,Netherlands,Australia,"Arun Jaitley Stadium, Delhi",4,2,139,67,15.44,69.84,487,16,30.43,7.26
BFW de Leede,Netherlands,Bangladesh,"Eden Gardens, Kolkata",17,2,139,67,15.44,69.84,487,16,30.43,7.26
BFW de Leede,Netherlands,New Zealand,"Rajiv Gandhi International Stadium, Uppal, Hyderabad",18,1,139,67,15.44,69.84,487,16,30.43,7.26
BFW de Leede,Netherlands,Pakistan,"Rajiv Gandhi International Stadium, Uppal, Hyderabad",67,4,139,67,15.44,69.84,487,16,30.43,7.26
BFW de Leede,Netherlands,South Africa,"Himachal Pradesh Cricket Association Stadium, Dharamsala",2,2,139,67,15.44,69.84,487,16,30.43,7.26
BFW de Leede,Netherlands,Sri Lanka,"Bharat Ratna Shri Atal Bihari Vajpayee Ekana Cricket Stadium, Lucknow",6,0,139,67,15.44,69.84,487,16,30.43,7.26
BKG Mendis,Sri Lanka,Afghanistan,"Maharashtra Cricket Association Stadium, Pune",39,0,294,122,32.66,113.95,0,0,0.0,0.0
BKG Mendis,Sri Lanka,Australia,"Bharat Ratna Shri Atal Bihari Vajpayee Ekana Cricket Stadium, Lucknow",9,0,294,122,32.66,113.95,0,0,0.0,0.0
BKG Mendis,Sri Lanka,England,"M Chinnaswamy Stadium, Bengaluru",11,0,294,122,32.66,113.95,0,0,0.0,0.0
BKG Mendis,Sri Lanka,Netherlands,"Bharat Ratna Shri Atal Bihari Vajpayee Ekana Cricket Stadium, Lucknow",11,0,294,122,32.66,113.95,0,0,0.0,0.0
BKG Mendis,Sri Lanka,Pakistan,"Rajiv Gandhi International Stadium, Uppal, Hyderabad",122,0,294,122,32.66,113.95,0,0,0.0,0.0
BKG Mendis,Sri Lanka,South Africa,"Arun Jaitley Stadium, Delhi",76,0,294,122,32.66,113.95,0,0,0.0,0.0
Babar Azam,Pakistan,Afghanistan,"MA Chidambaram Stadium, Chepauk, Chennai",74,0,320,74,40.0,82.9,0,0,0.0,0.0
Babar Azam,Pakistan,Australia,"M Chinnaswamy Stadium, Bengaluru",18,0,320,74,40.0,82.9,0,0,0.0,0.0
Babar Azam,Pakistan,Bangladesh,"Eden Gardens, Kolkata",9,0,320,74,40.0,82.9,0,0,0.0,0.0
Babar Azam,Pakistan,India,"Narendra Modi Stadium, Ahmedabad",50,0,320,74,40.0,82.9,0,0,0.0,0.0
Babar Azam,Pakistan,Netherlands,"Rajiv Gandhi International Stadium, Uppal, Hyderabad",5,0,320,74,40.0,82.9,0,0,0.0,0.0
Babar Azam,Pakistan,South Africa,"MA Chidambaram Stadium, Chepauk, Chennai",50,0,320,74,40.0,82.9,0,0,0.0,0.0
Babar Azam,Pakistan,Sri Lanka,"Rajiv Gandhi International Stadium, Uppal, Hyderabad",10,0,320,74,40.0,82.9,0,0,0.0,0.0
C Green,Australia,India,"MA Chidambaram Stadium, Chepauk, Chennai",8,0,63,47,21.0,75.9,11,0,0.0,5.5
C Green,Australia,Netherlands,"Arun Jaitley Stadium, Delhi",8,0,63,47,21.0,75.9,11,0,0.0,5.5
C Karunaratne,Sri Lanka,Australia,"Bharat Ratna Shri Atal Bihari Vajpayee Ekana Cricket Stadium, Lucknow",2,0,8,6,4.0,28.57,73,0,0.0,6.08
CAK Rajitha,Sri Lanka,Afghanistan,"Maharashtra Cricket Association Stadium, Pune",5,1,52,33,13.0,91.22,336,8,42.0,6.85
CAK Rajitha,Sri Lanka,South Africa,"Arun Jaitley Stadium, Delhi",33,1,52,33,13.0,91.22,336,8,42.0,6.85
CBRLS Kumara,Sri Lanka,Australia,"Bharat Ratna Shri Atal Bihari Vajpayee Ekana Cricket Stadium, Lucknow",4,0,4,4,4.0,50.0,82,3,27.33,7.45
CN Ackermann,Netherlands,Australia,"Arun Jaitley Stadium, Delhi",10,0,216,69,24.0,82.12,234,5,46.8,4.94
CN Ackermann,Netherlands,Bangladesh,"Eden Gardens, Kolkata",15,2,216,69,24.0,82.12,234,5,46.8,4.94
CN Ackermann,Netherlands,New Zealand,"Rajiv Gandhi International Stadium, Uppal, Hyderabad",69,0,216,69,24.0,82.12,234,5,46.8,4.94
CN Ackermann,Netherlands,Pakistan,"Rajiv Gandhi International Stadium, Uppal, Hyderabad",17,3,216,69,24.0,82.12,234,5,46.8,4.94
CN Ackermann,Netherlands,South Africa,"Himachal Pradesh Cricket Association Stadium, Dharamsala",12,1,216,69,24.0,82.12,234,5,46.8,4.94
CN Ackermann,Netherlands,Sri Lanka,"Bharat Ratna Shri Atal Bihari Vajpayee Ekana Cricket Stadium, Lucknow",29,1,216,69,24.0,82.12,234,5,46.8,4.94
CR Woakes,England,Afghanistan,"Arun Jaitley Stadium, Delhi",9,0,131,51,18.71,84.51,298,10,29.8,5.41
CR Woakes,England,Bangladesh,"Himachal Pradesh Cricket Association Stadium, Dharamsala",14,2,131,51,18.71,84.51,298,10,29.8,5.41
CR Woakes,England,India,"Bharat Ratna Shri Atal Bihari Vajpayee Ekana Cricket Stadium, Lucknow",10,3,131,51,18.71,84.51,298,10,29.8,5.41
CR Woakes,England,New Zealand,"Narendra Modi Stadium, Ahmedabad",11,0,131,51,18.71,84.51,298,10,29.8,5.41
CR Woakes,England,Sri Lanka,"M Chinnaswamy Stadium, Bengaluru",0,0,131,51,18.71,84.51,298,10,29.8,5.41
D Madushanka,Sri Lanka,Afghanistan,"Maharashtra Cricket Association Stadium, Pune",0,2,28,19,14.0,41.79,525,21,25.0,6.7
D Madushanka,Sri Lanka,Australia,"Bharat Ratna Shri Atal Bihari Vajpayee Ekana Cricket Stadium, Lucknow",0,3,28,19,14.0,41.79,525,21,25.0,6.7
D Madushanka,Sri Lanka,South Africa,"Arun Jaitley Stadium, Delhi",4,2,28,19,14.0,41.79,525,21,25.0,6.7
DA Miller,South Africa,Australia,"Bharat Ratna Shri Atal Bihari Vajpayee Ekana Cricket Stadium, Lucknow",17,0,255,53,36.42,119.15,0,0,0.0,0.0
DA Miller,South Africa,Bangladesh,"Wankhede Stadium, Mumbai",34,0,255,53,36.42,119.15,0,0,0.0,0.0
DA Miller,South Africa,England,"Wankhede Stadium, Mumbai",5,0,255,53,36.42,119.15,0,0,0.0,0.0
DA Miller,South Africa,Netherlands,"Himachal Pradesh Cricket Association Stadium, Dharamsala",43,0,255,53,36.42,119.15,0,0,0.0,0.0
DA Miller,South Africa,New Zealand,"Maharashtra Cricket Association Stadium, Pune",53,0,255,53,36.42,119.15,0,0,0.0,0.0
DA Miller,South Africa,Pakistan,"MA Chidambaram Stadium, Chepauk, Chennai",29,0,255,53,36.42,119.15,0,0,0.0,0.0
DA Miller,South Africa,Sri Lanka,"Arun Jaitley Stadium, Delhi",39,0,255,53,36.42,119.15,0,0,0.0,0.0
DA Warner,Australia,India,"MA Chidambaram Stadium, Chepauk, Chennai",41,0,499,163,55.44,105.49,0,0,0.0,0.0
DA Warner,Australia,Netherlands,"Arun Jaitley Stadium, Delhi",104,0,499,163,55.44,105.49,0,0,0.0,0.0
DA Warner,Australia,New Zealand,"Himachal Pradesh Cricket Association Stadium, Dharamsala",81,0,499,163,55.44,105.49,0,0,0.0,0.0
DA Warner,Australia,Pakistan,"M Chinnaswamy Stadium, Bengaluru",163,0,499,163,55.44,105.49,0,0,0.0,0.0
DA Warner,Australia,South Africa,"Bharat Ratna Shri Atal Bihari Vajpayee Ekana Cricket Stadium, Lucknow",13,0,499,163,55.44,105.49,0,0,0.0,0.0
DA Warner,Australia,Sri Lanka,"Bharat Ratna Shri Atal Bihari Vajpayee Ekana Cricket Stadium, Lucknow",11,0,499,163,55.44,105.49,0,0,0.0,0.0
DJ Malan,England,Afghanistan,"Arun Jaitley Stadium, Delhi",32,0,404,140,44.88,101.0,0,0,0.0,0.0
DJ Malan,England,Bangladesh,"Himachal Pradesh Cricket Association Stadium, Dharamsala",140,0,404,140,44.88,101.0,0,0,0.0,0.0
DJ Malan,England,India,"Bharat Ratna Shri Atal Bihari Vajpayee Ekana Cricket Stadium, Lucknow",16,0,404,140,44.88,101.0,0,0,0.0,0.0
DJ Malan,England,New Zealand,"Narendra Modi Stadium, Ahmedabad",14,0,404,140,44.88,101.0,0,0,0.0,0.0
DJ Malan,England,South Africa,"Wankhede Stadium, Mumbai",6,0,404,140,44.88,101.0,0,0,0.0,0.0
DJ Malan,England,Sri Lanka,"M Chinnaswamy Stadium, Bengaluru",28,0,404,140,44.88,101.0,0,0,0.0,0.0
DJ Mitchell,New Zealand,Afghanistan,"MA Chidambaram Stadium, Chepauk, Chennai",1,0,418,130,59.71,110.58,12,0,0.0,8.0
DJ Mitchell,New Zealand,Australia,"Himachal Pradesh Cricket Association Stadium, Dharamsala",54,0,418,130,59.71,110.58,12,0,0.0,8.0
DJ Mitchell,New Zealand,Bangladesh,"MA Chidambaram Stadium, Chepauk, Chennai",89,0,418,130,59.71,110.58,12,0,0.0,8.0
DJ Mitchell,New Zealand,India,"Himachal Pradesh Cricket Association Stadium, Dharamsala",130,0,418,130,59.71,110.58,12,0,0.0,8.0
DJ Mitchell,New Zealand,Netherlands,"Rajiv Gandhi International Stadium, Uppal, Hyderabad",48,0,418,130,59.71,110.58,12,0,0.0,8.0
DJ Mitchell,New Zealand,South Africa,"Maharashtra Cricket Association Stadium, Pune",24,0,418,130,59.71,110.58,12,0,0.0,8.0
DJ Willey,England,India,"Bharat Ratna Shri Atal Bihari Vajpayee Ekana Cricket Stadium, Lucknow",16,3,78,16,19.5,116.41,259,11,23.54,5.07
DJ Willey,England,South Africa,"Wankhede Stadium, Mumbai",12,0,78,16,19.5,116.41,259,11,23.54,5.07
DJ Willey,England,Sri Lanka,"M Chinnaswamy Stadium, Bengaluru",14,2,78,16,19.5,116.41,259,11,23.54,5.07
DM de Silva,Sri Lanka,Afghanistan,"Maharashtra Cricket Association Stadium, Pune",14,0,140,34,20.0,76.08,174,0,0.0,6.96
DM de Silva,Sri Lanka,Australia,"Bharat Ratna Shri Atal Bihari Vajpayee Ekana Cricket Stadium, Lucknow",7,0,140,34,20.0,76.08,174,0,0.0,6.96
DM de Silva,Sri Lanka,Netherlands,"Bharat Ratna Shri Atal Bihari Vajpayee Ekana Cricket Stadium, Lucknow",30,0,140,34,20.0,76.08,174,0,0.0,6.96
DM de Silva,Sri Lanka,Pakistan,"Rajiv Gandhi International Stadium, Uppal, Hyderabad",25,0,140,34,20.0,76.08,174,0,0.0,6.96
DM de Silva,Sri Lanka,South Africa,"Arun Jaitley Stadium, Delhi",11,0,140,34,20.0,76.08,174,0,0.0,6.96
DN Wellalage,Sri Lanka,Australia,"Bharat Ratna Shri Atal Bihari Vajpayee Ekana Cricket Stadium, Lucknow",2,1,12,10,4.0,66.66,196,2,98.0,6.68
DN Wellalage,Sri Lanka,Pakistan,"Rajiv Gandhi International Stadium, Uppal, Hyderabad",10,0,12,10,4.0,66.66,196,2,98.0,6.68
DN Wellalage,Sri Lanka,South Africa,"Arun Jaitley Stadium, Delhi",0,1,12,10,4.0,66.66,196,2,98.0,6.68
DP Conway,New Zealand,Afghanistan,"MA Chidambaram Stadium, Chepauk, Chennai",20,0,359,152,44.87,102.27,0,0,0.0,0.0
DP Conway,New Zealand,Australia,"Himachal Pradesh Cricket Association Stadium, Dharamsala",28,0,359,152,44.87,102.27,0,0,0.0,0.0
DP Conway,New Zealand,Bangladesh,"MA Chidambaram Stadium, Chepauk, Chennai",45,0,359,152,44.87,102.27,0,0,0.0,0.0
DP Conway,New Zealand,England,"Narendra Modi Stadium, Ahmedabad",152,0,359,152,44.87,102.27,0,0,0.0,0.0
DP Conway,New Zealand,India,"Himachal Pradesh Cricket Association Stadium, Dharamsala",0,0,359,152,44.87,102.27,0,0,0.0,0.0
DP Conway,New Zealand,Netherlands,"Rajiv Gandhi International Stadium, Uppal, Hyderabad",32,0,359,152,44.87,102.27,0,0,0.0,0.0
DP Conway,New Zealand,South Africa,"Maharashtra Cricket Association Stadium, Pune",2,0,359,152,44.87,102.27,0,0,0.0,0.0
FDM Karunaratne,Sri Lanka,Afghanistan,"Maharashtra Cricket Association Stadium, Pune",15,0,15,15,7.5,68.18,0,0,0.0,0.0
Fakhar Zaman,Pakistan,Bangladesh,"Eden Gardens, Kolkata",81,0,220,126,73.33,122.9,0,0,0.0,0.0
Fakhar Zaman,Pakistan,Netherlands,"Rajiv Gandhi International Stadium, Uppal, Hyderabad",12,0,220,126,73.33,122.9,0,0,0.0,0.0
Fazalhaq Farooqi,Afghanistan,Bangladesh,"Himachal Pradesh Cricket Association Stadium, Dharamsala",0,2,2,2,2.0,22.22,228,6,38.0,5.7
Fazalhaq Farooqi,Afghanistan,England,"Arun Jaitley Stadium, Delhi",2,1,2,2,2.0,22.22,228,6,38.0,5.7
Fazalhaq Farooqi,Afghanistan,New Zealand,"MA Chidambaram Stadium, Chepauk, Chennai",0,0,2,2,2.0,22.22,228,6,38.0,5.7
G Coetzee,South Africa,England,"Wankhede Stadium, Mumbai",3,3,35,22,11.66,89.74,349,18,19.38,6.4
G Coetzee,South Africa,Netherlands,"Himachal Pradesh Cricket Association Stadium, Dharamsala",22,1,35,22,11.66,89.74,349,18,19.38,6.4
G Coetzee,South Africa,Pakistan,"MA Chidambaram Stadium, Chepauk, Chennai",10,2,35,22,11.66,89.74,349,18,19.38,6.4
GD Phillips,New Zealand,Afghanistan,"MA Chidambaram Stadium, Chepauk, Chennai",71,0,244,71,40.66,109.9,200,6,33.33,5.71
GD Phillips,New Zealand,Australia,"Himachal Pradesh Cricket Association Stadium, Dharamsala",12,3,244,71,40.66,109.9,200,6,33.33,5.71
GD Phillips,New Zealand,Bangladesh,"MA Chidambaram Stadium, Chepauk, Chennai",16,1,244,71,40.66,109.9,200,6,33.33,5.71
GD Phillips,New Zealand,India,"Himachal Pradesh Cricket Association Stadium, Dharamsala",23,0,244,71,40.66,109.9,200,6,33.33,5.71
GD Phillips,New Zealand,Netherlands,"Rajiv Gandhi International Stadium, Uppal, Hyderabad",4,0,244,71,40.66,109.9,200,6,33.33,5.71
GD Phillips,New Zealand,South Africa,"Maharashtra Cricket Association Stadium, Pune",60,0,244,71,40.66,109.9,200,6,33.33,5.71
GJ Maxwell,Australia,India,"MA Chidambaram Stadium, Chepauk, Chennai",15,0,397,201,79.4,152.69,260,5,52.0,4.95
GJ Maxwell,Australia,Netherlands,"Arun Jaitley Stadium, Delhi",106,0,397,201,79.4,152.69,260,5,52.0,4.95
GJ Maxwell,Australia,New Zealand,"Himachal Pradesh Cricket Association Stadium, Dharamsala",41,1,397,201,79.4,152.69,260,5,52.0,4.95
GJ Maxwell,Australia,Pakistan,"M Chinnaswamy Stadium, Bengaluru",0,0,397,201,79.4,152.69,260,5,52.0,4.95
GJ Maxwell,Australia,South Africa,"Bharat Ratna Shri Atal Bihari Vajpayee Ekana Cricket Stadium, Lucknow",3,2,397,201,79.4,152.69,260,5,52.0,4.95
GJ Maxwell,Australia,Sri Lanka,"Bharat Ratna Shri Atal Bihari Vajpayee Ekana Cricket Stadium, Lucknow",31,1,397,201,79.4,152.69,260,5,52.0,4.95
H Klaasen,South Africa,Australia,"Bharat Ratna Shri Atal Bihari Vajpayee Ekana Cricket Stadium, Lucknow",29,0,326,109,40.75,140.51,0,0,0.0,0.0
H Klaasen,South Africa,Bangladesh,"Wankhede Stadium, Mumbai",90,0,326,109,40.75,140.51,0,0,0.0,0.0
H Klaasen,South Africa,England,"Wankhede Stadium, Mumbai",109,0,326,109,40.75,140.51,0,0,0.0,0.0
H Klaasen,South Africa,Netherlands,"Himachal Pradesh Cricket Association Stadium, Dharamsala",28,0,326,109,40.75,140.51,0,0,0.0,0.0
H Klaasen,South Africa,New Zealand,"Maharashtra Cricket Association Stadium, Pune",15,0,326,109,40.75,140.51,0,0,0.0,0.0
H Klaasen,South Africa,Pakistan,"MA Chidambaram Stadium, Chepauk, Chennai",12,0,326,109,40.75,140.51,0,0,0.0,0.0
H Klaasen,South Africa,Sri Lanka,"Arun Jaitley Stadium, Delhi",32,0,326,109,40.75,140.51,0,0,0.0,0.0
HC Brook,England,Afghanistan,"Arun Jaitley Stadium, Delhi",66,0,169,66,28.16,112.66,0,0,0.0,0.0
HC Brook,England,Bangladesh,"Himachal Pradesh Cricket Association Stadium, Dharamsala",20,0,169,66,28.16,112.66,0,0,0.0,0.0
HC Brook,England,New Zealand,"Narendra Modi Stadium, Ahmedabad",25,0,169,66,28.16,112.66,0,0,0.0,0.0
HC Brook,England,South Africa,"Wankhede Stadium, Mumbai",17,0,169,66,28.16,112.66,0,0,0.0,0.0
HE van der Dussen,South Africa,Australia,"Bharat Ratna Shri Atal Bihari Vajpayee Ekana Cricket Stadium, Lucknow",26,0,442,133,55.25,88.57,0,0,0.0,0.0
HE van der Dussen,South Africa,Bangladesh,"Wankhede Stadium, Mumbai",1,0,442,133,55.25,88.57,0,0,0.0,0.0
HE van der Dussen,South Africa,England,"Wankhede Stadium, Mumbai",60,0,442,133,55.25,88.57,0,0,0.0,0.0
HE van der Dussen,South Africa,Netherlands,"Himachal Pradesh Cricket Association Stadium, Dharamsala",4,0,442,133,55.25,88.57,0,0,0.0,0.0
HE van der Dussen,South Africa,New Zealand,"Maharashtra Cricket Association Stadium, Pune",133,0,442,133,55.25,88.57,0,0,0.0,0.0
HE van der Dussen,South Africa,Pakistan,"MA Chidambaram Stadium, Chepauk, Chennai",21,0,442,133,55.25,88.57,0,0,0.0,0.0
HE van der Dussen,South Africa,Sri Lanka,"Arun Jaitley Stadium, Delhi",108,0,442,133,55.25,88.57,0,0,0.0,0.0
HH Pandya,India,Australia,"MA Chidambaram Stadium, Chepauk, Chennai",11,1,11,11,0.0,137.5,113,5,22.6,6.84
Haris Rauf,Pakistan,Australia,"M Chinnaswamy Stadium, Bengaluru",0,3,53,35,17.66,117.77,533,16,33.31,6.74
Haris Rauf,Pakistan,India,"Narendra Modi Stadium, Ahmedabad",2,0,53,35,17.66,117.77,533,16,33.31,6.74
Haris Rauf,Pakistan,Netherlands,"Rajiv Gandhi International Stadium, Uppal, Hyderabad",16,3,53,35,17.66,117.77,533,16,33.31,6.74
Haris Rauf,Pakistan,South Africa,"MA Chidambaram Stadium, Chepauk, Chennai",0,2,53,35,17.66,117.77,533,16,33.31,6.74
Hasan Ali,Pakistan,Australia,"M Chinnaswamy Stadium, Bengaluru",8,0,20,12,6.66,71.42,321,9,35.66,6.29
Hasan Ali,Pakistan,India,"Narendra Modi Stadium, Ahmedabad",12,1,20,12,6.66,71.42,321,9,35.66,6.29
Hasan Ali,Pakistan,Netherlands,"Rajiv Gandhi International Stadium, Uppal, Hyderabad",0,2,20,12,6.66,71.42,321,9,35.66,6.29
Hasan Mahmud,Bangladesh,South Africa,"Wankhede Stadium, Mumbai",15,2,15,15,15.0,60.0,132,3,44.0,9.42
Hashmatullah Shahidi,Afghanistan,Bangladesh,"Himachal Pradesh Cricket Association Stadium, Dharamsala",18,0,310,80,51.66,73.11,0,0,0.0,0.0
Hashmatullah Shahidi,Afghanistan,England,"Arun Jaitley Stadium, Delhi",14,0,310,80,51.66,73.11,0,0,0.0,0.0
Hashmatullah Shahidi,Afghanistan,India,"Arun Jaitley Stadium, Delhi",80,0,310,80,51.66,73.11,0,0,0.0,0.0
Hashmatullah Shahidi,Afghanistan,New Zealand,"MA Chidambaram Stadium, Chepauk, Chennai",8,0,310,80,51.66,73.11,0,0,0.0,0.0
Hashmatullah Shahidi,Afghanistan,Pakistan,"MA Chidambaram Stadium, Chepauk, Chennai",48,0,310,80,51.66,73.11,0,0,0.0,0.0
Hashmatullah Shahidi,Afghanistan,Sri Lanka,"Maharashtra Cricket Association Stadium, Pune",58,0,310,80,51.66,73.11,0,0,0.0,0.0
Ibrahim Zadran,Afghanistan,Bangladesh,"Himachal Pradesh Cricket Association Stadium, Dharamsala",22,0,376,129,47.0,76.26,0,0,0.0,0.0
Ibrahim Zadran,Afghanistan,England,"Arun Jaitley Stadium, Delhi",28,0,376,129,47.0,76.26,0,0,0.0,0.0
Ibrahim Zadran,Afghanistan,India,"Arun Jaitley Stadium, Delhi",22,0,376,129,47.0,76.26,0,0,0.0,0.0
Ibrahim Zadran,Afghanistan,New Zealand,"MA Chidambaram Stadium, Chepauk, Chennai",14,0,376,129,47.0,76.26,0,0,0.0,0.0
Ibrahim Zadran,Afghanistan,Pakistan,"MA Chidambaram Stadium, Chepauk, Chennai",87,0,376,129,47.0,76.26,0,0,0.0,0.0
Ibrahim Zadran,Afghanistan,Sri Lanka,"Maharashtra Cricket Association Stadium, Pune",39,0,376,129,47.0,76.26,0,0,0.0,0.0
Iftikhar Ahmed,Pakistan,Afghanistan,"MA Chidambaram Stadium, Chepauk, Chennai",40,0,142,40,23.66,115.44,262,4,65.5,5.45
Iftikhar Ahmed,Pakistan,Australia,"M Chinnaswamy Stadium, Bengaluru",26,0,142,40,23.66,115.44,262,4,65.5,5.45
Iftikhar Ahmed,Pakistan,Bangladesh,"Eden Gardens, Kolkata",17,1,142,40,23.66,115.44,262,4,65.5,5.45
Iftikhar Ahmed,Pakistan,India,"Narendra Modi Stadium, Ahmedabad",4,0,142,40,23.66,115.44,262,4,65.5,5.45
Iftikhar Ahmed,Pakistan,Netherlands,"Rajiv Gandhi International Stadium, Uppal, Hyderabad",9,1,142,40,23.66,115.44,262,4,65.5,5.45
Iftikhar Ahmed,Pakistan,South Africa,"MA Chidambaram Stadium, Chepauk, Chennai",21,0,142,40,23.66,115.44,262,4,65.5,5.45
Iftikhar Ahmed,Pakistan,Sri Lanka,"Rajiv Gandhi International Stadium, Uppal, Hyderabad",22,0,142,40,23.66,115.44,262,4,65.5,5.45
Ikram Alikhil,Afghanistan,England,"Arun Jaitley Stadium, Delhi",58,0,89,58,44.5,88.11,0,0,0.0,0.0
Ikram Alikhil,Afghanistan,New Zealand,"MA Chidambaram Stadium, Chepauk, Chennai",19,0,89,58,44.5,88.11,0,0,0.0,0.0
Imam-ul-Haq,Pakistan,Afghanistan,"MA Chidambaram Stadium, Chepauk, Chennai",17,0,162,70,27.0,90.0,0,0,0.0,0.0
Imam-ul-Haq,Pakistan,Australia,"M Chinnaswamy Stadium, Bengaluru",70,0,162,70,27.0,90.0,0,0,0.0,0.0
Imam-ul-Haq,Pakistan,India,"Narendra Modi Stadium, Ahmedabad",36,0,162,70,27.0,90.0,0,0,0.0,0.0
Imam-ul-Haq,Pakistan,Netherlands,"Rajiv Gandhi International Stadium, Uppal, Hyderabad",15,0,162,70,27.0,90.0,0,0,0.0,0.0
Imam-ul-Haq,Pakistan,South Africa,"MA Chidambaram Stadium, Chepauk, Chennai",12,0,162,70,27.0,90.0,0,0,0.0,0.0
Imam-ul-Haq,Pakistan,Sri Lanka,"Rajiv Gandhi International Stadium, Uppal, Hyderabad",12,0,162,70,27.0,90.0,0,0,0.0,0.0
Ishan Kishan,India,Afghanistan,"Arun Jaitley Stadium, Delhi",47,0,47,47,23.5,97.91,0,0,0.0,0.0
Ishan Kishan,India,Australia,"MA Chidambaram Stadium, Chepauk, Chennai",0,0,47,47,23.5,97.91,0,0,0.0,0.0
JC Buttler,England,Afghanistan,"Arun Jaitley Stadium, Delhi",9,0,138,43,15.33,97.18,0,0,0.0,0.0
JC Buttler,England,Bangladesh,"Himachal Pradesh Cricket Association Stadium, Dharamsala",20,0,138,43,15.33,97.18,0,0,0.0,0.0
JC Buttler,England,India,"Bharat Ratna Shri Atal Bihari Vajpayee Ekana Cricket Stadium, Lucknow",10,0,138,43,15.33,97.18,0,0,0.0,0.0
JC Buttler,England,New Zealand,"Narendra Modi Stadium, Ahmedabad",43,0,138,43,15.33,97.18,0,0,0.0,0.0
JC Buttler,England,South Africa,"Wankhede Stadium, Mumbai",15,0,138,43,15.33,97.18,0,0,0.0,0.0
JC Buttler,England,Sri Lanka,"M Chinnaswamy Stadium, Bengaluru",8,0,138,43,15.33,97.18,0,0,0.0,0.0
JDS Neesham,New Zealand,Australia,"Himachal Pradesh Cricket Association Stadium, Dharamsala",58,1,58,58,29.0,123.4,157,2,78.5,10.82
JDS Neesham,New Zealand,South Africa,"Maharashtra Cricket Association Stadium, Pune",0,1,58,58,29.0,123.4,157,2,78.5,10.82
JE Root,England,Afghanistan,"Arun Jaitley Stadium, Delhi",11,1,276,82,30.66,88.46,67,1,67.0,6.59
JE Root,England,Bangladesh,"Himachal Pradesh Cricket Association Stadium, Dharamsala",82,0,276,82,30.66,88.46,67,1,67.0,6.59
JE Root,England,India,"Bharat Ratna Shri Atal Bihari Vajpayee Ekana Cricket Stadium, Lucknow",0,0,276,82,30.66,88.46,67,1,67.0,6.59
JE Root,England,New Zealand,"Narendra Modi Stadium, Ahmedabad",77,0,276,82,30.66,88.46,67,1,67.0,6.59
JE Root,England,South Africa,"Wankhede Stadium, Mumbai",2,0,276,82,30.66,88.46,67,1,67.0,6.59
JE Root,England,Sri Lanka,"M Chinnaswamy Stadium, Bengaluru",3,0,276,82,30.66,88.46,67,1,67.0,6.59
JJ Bumrah,India,England,"Bharat Ratna Shri Atal Bihari Vajpayee Ekana Cricket Stadium, Lucknow",16,3,17,16,17.0,65.38,266,17,15.64,3.65
JM Bairstow,England,Afghanistan,"Arun Jaitley Stadium, Delhi",2,0,215,59,23.88,88.47,0,0,0.0,0.0
JM Bairstow,England,Bangladesh,"Himachal Pradesh Cricket Association Stadium, Dharamsala",52,0,215,59,23.88,88.47,0,0,0.0,0.0
JM Bairstow,England,India,"Bharat Ratna Shri Atal Bihari Vajpayee Ekana Cricket Stadium, Lucknow",14,0,215,59,23.88,88.47,0,0,0.0,0.0
JM Bairstow,England,New Zealand,"Narendra Modi Stadium, Ahmedabad",33,0,215,59,23.88,88.47,0,0,0.0,0.0
JM Bairstow,England,South Africa,"Wankhede Stadium, Mumbai",10,0,215,59,23.88,88.47,0,0,0.0,0.0
JM Bairstow,England,Sri Lanka,"M Chinnaswamy Stadium, Bengaluru",30,0,215,59,23.88,88.47,0,0,0.0,0.0
JP Inglis,Australia,Netherlands,"Arun Jaitley Stadium, Delhi",14,0,131,58,18.71,110.08,0,0,0.0,0.0
JP Inglis,Australia,New Zealand,"Himachal Pradesh Cricket Association Stadium, Dharamsala",38,0,131,58,18.71,110.08,0,0,0.0,0.0
JP Inglis,Australia,Pakistan,"M Chinnaswamy Stadium, Bengaluru",13,0,131,58,18.71,110.08,0,0,0.0,0.0
JP Inglis,Australia,South Africa,"Bharat Ratna Shri Atal Bihari Vajpayee Ekana Cricket Stadium, Lucknow",5,0,131,58,18.71,110.08,0,0,0.0,0.0
JP Inglis,Australia,Sri Lanka,"Bharat Ratna Shri Atal Bihari Vajpayee Ekana Cricket Stadium, Lucknow",58,0,131,58,18.71,110.08,0,0,0.0,0.0
JR Hazlewood,Australia,India,"MA Chidambaram Stadium, Chepauk, Chennai",1,3,4,2,2.0,80.0,377,12,31.41,5.01
JR Hazlewood,Australia,Pakistan,"M Chinnaswamy Stadium, Bengaluru",0,1,4,2,2.0,80.0,377,12,31.41,5.01
JR Hazlewood,Australia,South Africa,"Bharat Ratna Shri Atal Bihari Vajpayee Ekana Cricket Stadium, Lucknow",2,1,4,2,2.0,80.0,377,12,31.41,5.01
K Rabada,South Africa,Australia,"Bharat Ratna Shri Atal Bihari Vajpayee Ekana Cricket Stadium, Lucknow",0,3,15,9,7.5,45.45,323,12,26.91,4.83
K Rabada,South Africa,Netherlands,"Himachal Pradesh Cricket Association Stadium, Dharamsala",9,2,15,9,7.5,45.45,323,12,26.91,4.83
KA Maharaj,South Africa,Australia,"Bharat Ratna Shri Atal Bihari Vajpayee Ekana Cricket Stadium, Lucknow",0,2,55,40,27.5,76.38,346,14,24.71,4.37
KA Maharaj,South Africa,England,"Wankhede Stadium, Mumbai",1,1,55,40,27.5,76.38,346,14,24.71,4.37
KA Maharaj,South Africa,Netherlands,"Himachal Pradesh Cricket Association Stadium, Dharamsala",40,1,55,40,27.5,76.38,346,14,24.71,4.37
KA Maharaj,South Africa,Pakistan,"MA Chidambaram Stadium, Chepauk, Chennai",7,0,55,40,27.5,76.38,346,14,24.71,4.37
KIC Asalanka,Sri Lanka,Afghanistan,"Maharashtra Cricket Association Stadium, Pune",22,0,288,108,36.0,85.2,10,0,0.0,10.0
KIC Asalanka,Sri Lanka,Australia,"Bharat Ratna Shri Atal Bihari Vajpayee Ekana Cricket Stadium, Lucknow",25,0,288,108,36.0,85.2,10,0,0.0,10.0
KIC Asalanka,Sri Lanka,Netherlands,"Bharat Ratna Shri Atal Bihari Vajpayee Ekana Cricket Stadium, Lucknow",44,0,288,108,36.0,85.2,10,0,0.0,10.0
KIC Asalanka,Sri Lanka,Pakistan,"Rajiv Gandhi International Stadium, Uppal, Hyderabad",1,0,288,108,36.0,85.2,10,0,0.0,10.0
KIC Asalanka,Sri Lanka,South Africa,"Arun Jaitley Stadium, Delhi",79,0,288,108,36.0,85.2,10,0,0.0,10.0
KL Rahul,India,Australia,"MA Chidambaram Stadium, Chepauk, Chennai",97,0,347,102,69.4,93.53,0,0,0.0,0.0
KL Rahul,India,Bangladesh,"Maharashtra Cricket Association Stadium, Pune",34,0,347,102,69.4,93.53,0,0,0.0,0.0
KL Rahul,India,England,"Bharat Ratna Shri Atal Bihari Vajpayee Ekana Cricket Stadium, Lucknow",39,0,347,102,69.4,93.53,0,0,0.0,0.0
KL Rahul,India,New Zealand,"Himachal Pradesh Cricket Association Stadium, Dharamsala",27,0,347,102,69.4,93.53,0,0,0.0,0.0
KL Rahul,India,Pakistan,"Narendra Modi Stadium, Ahmedabad",19,0,347,102,69.4,93.53,0,0,0.0,0.0
KS Williamson,New Zealand,Bangladesh,"MA Chidambaram Stadium, Chepauk, Chennai",78,0,187,95,93.5,93.03,0,0,0.0,0.0
Kuldeep Yadav,India,England,"Bharat Ratna Shri Atal Bihari Vajpayee Ekana Cricket Stadium, Lucknow",9,2,9,9,0.0,69.23,312,14,22.28,4.15
L Ngidi,South Africa,Netherlands,"Himachal Pradesh Cricket Association Stadium, Dharamsala",7,2,11,7,5.5,26.82,355,10,35.5,5.86
L Ngidi,South Africa,Pakistan,"MA Chidambaram Stadium, Chepauk, Chennai",4,1,11,7,5.5,26.82,355,10,35.5,5.86
LH Ferguson,New Zealand,Australia,"Himachal Pradesh Cricket Association Stadium, Dharamsala",0,0,1,1,1.0,16.66,236,10,23.6,5.13
LH Ferguson,New Zealand,India,"Himachal Pradesh Cricket Association Stadium, Dharamsala",1,2,1,1,1.0,16.66,236,10,23.6,5.13
LS Livingstone,England,Afghanistan,"Arun Jaitley Stadium, Delhi",10,1,60,27,10.0,63.82,158,3,52.66,5.44
LS Livingstone,England,Bangladesh,"Himachal Pradesh Cricket Association Stadium, Dharamsala",0,1,60,27,10.0,63.82,158,3,52.66,5.44
LS Livingstone,England,India,"Bharat Ratna Shri Atal Bihari Vajpayee Ekana Cricket Stadium, Lucknow",27,0,60,27,10.0,63.82,158,3,52.66,5.44
LS Livingstone,England,New Zealand,"Narendra Modi Stadium, Ahmedabad",20,0,60,27,10.0,63.82,158,3,52.66,5.44
LS Livingstone,England,Sri Lanka,"M Chinnaswamy Stadium, Bengaluru",1,0,60,27,10.0,63.82,158,3,52.66,5.44
LV van Beek,Netherlands,Australia,"Arun Jaitley Stadium, Delhi",0,4,140,59,23.33,78.21,476,12,39.66,6.72
LV van Beek,Netherlands,Bangladesh,"Eden Gardens, Kolkata",23,1,140,59,23.33,78.21,476,12,39.66,6.72
LV van Beek,Netherlands,Pakistan,"Rajiv Gandhi International Stadium, Uppal, Hyderabad",28,1,140,59,23.33,78.21,476,12,39.66,6.72
LV van Beek,Netherlands,South Africa,"Himachal Pradesh Cricket Association Stadium, Dharamsala",10,3,140,59,23.33,78.21,476,12,39.66,6.72
LV van Beek,Netherlands,Sri Lanka,"Bharat Ratna Shri Atal Bihari Vajpayee Ekana Cricket Stadium, Lucknow",59,0,140,59,23.33,78.21,476,12,39.66,6.72
M Jansen,South Africa,Australia,"Bharat Ratna Shri Atal Bihari Vajpayee Ekana Cricket Stadium, Lucknow",26,2,157,75,39.25,111.34,415,17,24.41,6.41
M Jansen,South Africa,Bangladesh,"Wankhede Stadium, Mumbai",1,2,157,75,39.25,111.34,415,17,24.41,6.41
M Jansen,South Africa,England,"Wankhede Stadium, Mumbai",75,2,157,75,39.25,111.34,415,17,24.41,6.41
M Jansen,South Africa,Netherlands,"Himachal Pradesh Cricket Association Stadium, Dharamsala",9,2,157,75,39.25,111.34,415,17,24.41,6.41
M Jansen,South Africa,Pakistan,"MA Chidambaram Stadium, Chepauk, Chennai",20,3,157,75,39.25,111.34,415,17,24.41,6.41
M Jansen,South Africa,Sri Lanka,"Arun Jaitley Stadium, Delhi",12,2,157,75,39.25,111.34,415,17,24.41,6.41
M Labuschagne,Australia,India,"MA Chidambaram Stadium, Chepauk, Chennai",27,0,286,71,35.75,77.08,0,0,0.0,0.0
M Labuschagne,Australia,Netherlands,"Arun Jaitley Stadium, Delhi",62,0,286,71,35.75,77.08,0,0,0.0,0.0
M Labuschagne,Australia,New Zealand,"Himachal Pradesh Cricket Association Stadium, Dharamsala",18,0,286,71,35.75,77.08,0,0,0.0,0.0
M Labuschagne,Australia,Pakistan,"M Chinnaswamy Stadium, Bengaluru",8,0,286,71,35.75,77.08,0,0,0.0,0.0
M Labuschagne,Australia,South Africa,"Bharat Ratna Shri Atal Bihari Vajpayee Ekana Cricket Stadium, Lucknow",46,0,286,71,35.75,77.08,0,0,0.0,0.0
M Labuschagne,Australia,Sri Lanka,"Bharat Ratna Shri Atal Bihari Vajpayee Ekana Cricket Stadium, Lucknow",40,0,286,71,35.75,77.08,0,0,0.0,0.0
M Pathirana,Sri Lanka,Pakistan,"Rajiv Gandhi International Stadium, Uppal, Hyderabad",1,1,6,5,6.0,31.57,185,2,92.5,9.73
M Pathirana,Sri Lanka,South Africa,"Arun Jaitley Stadium, Delhi",5,1,6,5,6.0,31.57,185,2,92.5,9.73
M Theekshana,Sri Lanka,Afghanistan,"Maharashtra Cricket Association Stadium, Pune",29,0,100,38,25.0,54.05,382,6,63.66,5.35
M Theekshana,Sri Lanka,Australia,"Bharat Ratna Shri Atal Bihari Vajpayee Ekana Cricket Stadium, Lucknow",0,1,100,38,25.0,54.05,382,6,63.66,5.35
M Theekshana,Sri Lanka,Pakistan,"Rajiv Gandhi International Stadium, Uppal, Hyderabad",0,1,100,38,25.0,54.05,382,6,63.66,5.35
MA Starc,Australia,India,"MA Chidambaram Stadium, Chepauk, Chennai",28,1,71,28,10.14,62.83,439,10,43.9,6.55
MA Starc,Australia,Netherlands,"Arun Jaitley Stadium, Delhi",0,1,71,28,10.14,62.83,439,10,43.9,6.55
MA Starc,Australia,New Zealand,"Himachal Pradesh Cricket Association Stadium, Dharamsala",1,1,71,28,10.14,62.83,439,10,43.9,6.55
MA Starc,Australia,Pakistan,"M Chinnaswamy Stadium, Bengaluru",2,1,71,28,10.14,62.83,439,10,43.9,6.55
MA Starc,Australia,South Africa,"Bharat Ratna Shri Atal Bihari Vajpayee Ekana Cricket Stadium, Lucknow",27,2,71,28,10.14,62.83,439,10,43.9,6.55
MA Wood,England,Afghanistan,"Arun Jaitley Stadium, Delhi",18,2,85,43,28.33,130.76,349,6,58.16,6.46
MA Wood,England,Bangladesh,"Himachal Pradesh Cricket Association Stadium, Dharamsala",6,1,85,43,28.33,130.76,349,6,58.16,6.46
MA Wood,England,India,"Bharat Ratna Shri Atal Bihari Vajpayee Ekana Cricket Stadium, Lucknow",0,1,85,43,28.33,130.76,349,6,58.16,6.46
MA Wood,England,New Zealand,"Narendra Modi Stadium, Ahmedabad",13,0,85,43,28.33,130.76,349,6,58.16,6.46
MA Wood,England,South Africa,"Wankhede Stadium, Mumbai",43,0,85,43,28.33,130.76,349,6,58.16,6.46
MA Wood,England,Sri Lanka,"M Chinnaswamy Stadium, Bengaluru",5,0,85,43,28.33,130.76,349,6,58.16,6.46
MADI Hemantha,Sri Lanka,Netherlands,"Bharat Ratna Shri Atal Bihari Vajpayee Ekana Cricket Stadium, Lucknow",4,0,4,4,4.0,100.0,94,0,0.0,5.87
MD Shanaka,Sri Lanka,Pakistan,"Rajiv Gandhi International Stadium, Uppal, Hyderabad",12,0,80,68,40.0,100.0,64,0,0.0,5.81
MD Shanaka,Sri Lanka,South Africa,"Arun Jaitley Stadium, Delhi",68,0,80,68,40.0,100.0,64,0,0.0,5.81
MDKJ Perera,Sri Lanka,Australia,"Bharat Ratna Shri Atal Bihari Vajpayee Ekana Cricket Stadium, Lucknow",78,0,149,78,21.28,101.36,0,0,0.0,0.0
MDKJ Perera,Sri Lanka,England,"M Chinnaswamy Stadium, Bengaluru",4,0,149,78,21.28,101.36,0,0,0.0,0.0
MDKJ Perera,Sri Lanka,Netherlands,"Bharat Ratna Shri Atal Bihari Vajpayee Ekana Cricket Stadium, Lucknow",5,0,149,78,21.28,101.36,0,0,0.0,0.0
MDKJ Perera,Sri Lanka,Pakistan,"Rajiv Gandhi International Stadium, Uppal, Hyderabad",0,0,149,78,21.28,101.36,0,0,0.0,0.0
MDKJ Perera,Sri Lanka,South Africa,"Arun Jaitley Stadium, Delhi",7,0,149,78,21.28,101.36,0,0,0.0,0.0
MJ Henry,New Zealand,Australia,"Himachal Pradesh Cricket Association Stadium, Dharamsala",9,1,19,10,9.5,86.36,315,11,28.63,5.79
MJ Henry,New Zealand,India,"Himachal Pradesh Cricket Association Stadium, Dharamsala",0,1,19,10,9.5,86.36,315,11,28.63,5.79
MJ Henry,New Zealand,Netherlands,"Rajiv Gandhi International Stadium, Uppal, Hyderabad",10,3,19,10,9.5,86.36,315,11,28.63,5.79
MJ Henry,New Zealand,South Africa,"Maharashtra Cricket Association Stadium, Pune",0,0,19,10,9.5,86.36,315,11,28.63,5.79
MJ Santner,New Zealand,Afghanistan,"MA Chidambaram Stadium, Chepauk, Chennai",7,3,94,36,31.33,132.39,398,16,24.87,4.81
MJ Santner,New Zealand,Australia,"Himachal Pradesh Cricket Association Stadium, Dharamsala",17,2,94,36,31.33,132.39,398,16,24.87,4.81
MJ Santner,New Zealand,India,"Himachal Pradesh Cricket Association Stadium, Dharamsala",1,1,94,36,31.33,132.39,398,16,24.87,4.81
MJ Santner,New Zealand,Netherlands,"Rajiv Gandhi International Stadium, Uppal, Hyderabad",36,5,94,36,31.33,132.39,398,16,24.87,4.81
MJ Santner,New Zealand,South Africa,"Maharashtra Cricket Association Stadium, Pune",7,0,94,36,31.33,132.39,398,16,24.87,4.81
MM Ali,England,India,"Bharat Ratna Shri Atal Bihari Vajpayee Ekana Cricket Stadium, Lucknow",15,0,95,42,15.83,74.8,248,5,49.6,5.81
MM Ali,England,New Zealand,"Narendra Modi Stadium, Ahmedabad",11,0,95,42,15.83,74.8,248,5,49.6,5.81
MM Ali,England,Sri Lanka,"M Chinnaswamy Stadium, Bengaluru",15,0,95,42,15.83,74.8,248,5,49.6,5.81
MP O'Dowd,Netherlands,Australia,"Arun Jaitley Stadium, Delhi",6,0,138,42,15.33,69.0,0,0,0.0,0.0
MP O'Dowd,Netherlands,Bangladesh,"Eden Gardens, Kolkata",0,0,138,42,15.33,69.0,0,0,0.0,0.0
MP O'Dowd,Netherlands,New Zealand,"Rajiv Gandhi International Stadium, Uppal, Hyderabad",16,0,138,42,15.33,69.0,0,0,0.0,0.0
MP O'Dowd,Netherlands,Pakistan,"Rajiv Gandhi International Stadium, Uppal, Hyderabad",5,0,138,42,15.33,69.0,0,0,0.0,0.0
MP O'Dowd,Netherlands,South Africa,"Himachal Pradesh Cricket Association Stadium, Dharamsala",18,0,138,42,15.33,69.0,0,0,0.0,0.0
MP O'Dowd,Netherlands,Sri Lanka,"Bharat Ratna Shri Atal Bihari Vajpayee Ekana Cricket Stadium, Lucknow",16,0,138,42,15.33,69.0,0,0,0.0,0.0
MP Stoinis,Australia,Pakistan,"M Chinnaswamy Stadium, Bengaluru",21,2,87,35,21.75,112.98,143,4,35.75,7.52
MP Stoinis,Australia,South Africa,"Bharat Ratna Shri Atal Bihari Vajpayee Ekana Cricket Stadium, Lucknow",5,0,87,35,21.75,112.98,143,4,35.75,7.52
MP Stoinis,Australia,Sri Lanka,"Bharat Ratna Shri Atal Bihari Vajpayee Ekana Cricket Stadium, Lucknow",20,0,87,35,21.75,112.98,143,4,35.75,7.52
MR Marsh,Australia,India,"MA Chidambaram Stadium, Chepauk, Chennai",0,0,426,177,60.85,109.51,91,2,45.5,8.27
MR Marsh,Australia,Netherlands,"Arun Jaitley Stadium, Delhi",9,2,426,177,60.85,109.51,91,2,45.5,8.27
MR Marsh,Australia,New Zealand,"Himachal Pradesh Cricket Association Stadium, Dharamsala",36,0,426,177,60.85,109.51,91,2,45.5,8.27
MR Marsh,Australia,Pakistan,"M Chinnaswamy Stadium, Bengaluru",121,0,426,177,60.85,109.51,91,2,45.5,8.27
MR Marsh,Australia,South Africa,"Bharat Ratna Shri Atal Bihari Vajpayee Ekana Cricket Stadium, Lucknow",7,0,426,177,60.85,109.51,91,2,45.5,8.27
MR Marsh,Australia,Sri Lanka,"Bharat Ratna Shri Atal Bihari Vajpayee Ekana Cricket Stadium, Lucknow",52,0,426,177,60.85,109.51,91,2,45.5,8.27
MS Chapman,New Zealand,Afghanistan,"MA Chidambaram Stadium, Chepauk, Chennai",25,0,82,39,20.5,124.24,0,0,0.0,0.0
MS Chapman,New Zealand,India,"Himachal Pradesh Cricket Association Stadium, Dharamsala",6,0,82,39,20.5,124.24,0,0,0.0,0.0
MS Chapman,New Zealand,Netherlands,"Rajiv Gandhi International Stadium, Uppal, Hyderabad",5,0,82,39,20.5,124.24,0,0,0.0,0.0
Mahedi Hasan,Bangladesh,England,"Himachal Pradesh Cricket Association Stadium, Dharamsala",14,4,33,17,16.5,45.2,149,6,24.83,6.2
Mahedi Hasan,Bangladesh,Netherlands,"Eden Gardens, Kolkata",17,3,33,17,16.5,45.2,149,6,24.83,6.2
Mahmudullah,Bangladesh,India,"Maharashtra Cricket Association Stadium, Pune",46,0,328,111,54.66,91.62,33,0,0.0,6.6
Mahmudullah,Bangladesh,Netherlands,"Eden Gardens, Kolkata",20,0,328,111,54.66,91.62,33,0,0.0,6.6
Mahmudullah,Bangladesh,New Zealand,"MA Chidambaram Stadium, Chepauk, Chennai",41,0,328,111,54.66,91.62,33,0,0.0,6.6
Mahmudullah,Bangladesh,Pakistan,"Eden Gardens, Kolkata",56,0,328,111,54.66,91.62,33,0,0.0,6.6
Mahmudullah,Bangladesh,South Africa,"Wankhede Stadium, Mumbai",111,0,328,111,54.66,91.62,33,0,0.0,6.6
Mohammad Nabi,Afghanistan,Bangladesh,"Himachal Pradesh Cricket Association Stadium, Dharamsala",6,0,55,19,9.16,72.36,254,8,31.75,4.13
Mohammad Nabi,Afghanistan,England,"Arun Jaitley Stadium, Delhi",9,2,55,19,9.16,72.36,254,8,31.75,4.13
Mohammad Nabi,Afghanistan,India,"Arun Jaitley Stadium, Delhi",19,0,55,19,9.16,72.36,254,8,31.75,4.13
Mohammad Nabi,Afghanistan,New Zealand,"MA Chidambaram Stadium, Chepauk, Chennai",7,0,55,19,9.16,72.36,254,8,31.75,4.13
Mohammad Nawaz,Pakistan,Australia,"M Chinnaswamy Stadium, Bengaluru",14,0,81,39,20.25,83.5,223,2,111.5,5.89
Mohammad Nawaz,Pakistan,India,"Narendra Modi Stadium, Ahmedabad",4,0,81,39,20.25,83.5,223,2,111.5,5.89
Mohammad Nawaz,Pakistan,Netherlands,"Rajiv Gandhi International Stadium, Uppal, Hyderabad",39,2,81,39,20.25,83.5,223,2,111.5,5.89
Mohammad Nawaz,Pakistan,South Africa,"MA Chidambaram Stadium, Chepauk, Chennai",24,0,81,39,20.25,83.5,223,2,111.5,5.89
Mohammad Rizwan,Pakistan,Afghanistan,"MA Chidambaram Stadium, Chepauk, Chennai",8,0,395,131,65.83,95.41,0,0,0.0,0.0
Mohammad Rizwan,Pakistan,Australia,"M Chinnaswamy Stadium, Bengaluru",46,0,395,131,65.83,95.41,0,0,0.0,0.0
Mohammad Rizwan,Pakistan,Bangladesh,"Eden Gardens, Kolkata",26,0,395,131,65.83,95.41,0,0,0.0,0.0
Mohammad Rizwan,Pakistan,India,"Narendra Modi Stadium, Ahmedabad",49,0,395,131,65.83,95.41,0,0,0.0,0.0
Mohammad Rizwan,Pakistan,Netherlands,"Rajiv Gandhi International Stadium, Uppal, Hyderabad",68,0,395,131,65.83,95.41,0,0,0.0,0.0
Mohammad Rizwan,Pakistan,South Africa,"MA Chidambaram Stadium, Chepauk, Chennai",31,0,395,131,65.83,95.41,0,0,0.0,0.0
Mohammad Rizwan,Pakistan,Sri Lanka,"Rajiv Gandhi International Stadium, Uppal, Hyderabad",131,0,395,131,65.83,95.41,0,0,0.0,0.0
Mohammad Wasim,Pakistan,South Africa,"MA Chidambaram Stadium, Chepauk, Chennai",7,2,23,16,23.0,100.0,215,10,21.5,5.63
Mohammed Shami,India,England,"Bharat Ratna Shri Atal Bihari Vajpayee Ekana Cricket Stadium, Lucknow",1,4,4,2,2.0,40.0,153,16,9.56,4.78
Mohammed Shami,India,New Zealand,"Himachal Pradesh Cricket Association Stadium, Dharamsala",1,6,4,2,2.0,40.0,153,16,9.56,4.78
Mujeeb Ur Rahman,Afghanistan,Bangladesh,"Himachal Pradesh Cricket Association Stadium, Dharamsala",1,0,51,28,12.75,127.5,458,8,57.25,5.59
Mujeeb Ur Rahman,Afghanistan,England,"Arun Jaitley Stadium, Delhi",28,3,51,28,12.75,127.5,458,8,57.25,5.59
Mujeeb Ur Rahman,Afghanistan,India,"Arun Jaitley Stadium, Delhi",10,0,51,28,12.75,127.5,458,8,57.25,5.59
Mujeeb Ur Rahman,Afghanistan,New Zealand,"MA Chidambaram Stadium, Chepauk, Chennai",4,1,51,28,12.75,127.5,458,8,57.25,5.59
Mushfiqur Rahim,Bangladesh,Afghanistan,"Himachal Pradesh Cricket Association Stadium, Dharamsala",2,0,202,66,25.25,79.21,0,0,0.0,0.0
Mushfiqur Rahim,Bangladesh,England,"Himachal Pradesh Cricket Association Stadium, Dharamsala",51,0,202,66,25.25,79.21,0,0,0.0,0.0
Mushfiqur Rahim,Bangladesh,India,"Maharashtra Cricket Association Stadium, Pune",38,0,202,66,25.25,79.21,0,0,0.0,0.0
Mushfiqur Rahim,Bangladesh,Netherlands,"Eden Gardens, Kolkata",1,0,202,66,25.25,79.21,0,0,0.0,0.0
Mushfiqur Rahim,Bangladesh,New Zealand,"MA Chidambaram Stadium, Chepauk, Chennai",66,0,202,66,25.25,79.21,0,0,0.0,0.0
Mushfiqur Rahim,Bangladesh,Pakistan,"Eden Gardens, Kolkata",5,0,202,66,25.25,79.21,0,0,0.0,0.0
Mushfiqur Rahim,Bangladesh,South Africa,"Wankhede Stadium, Mumbai",8,0,202,66,25.25,79.21,0,0,0.0,0.0
Mustafizur Rahman,Bangladesh,England,"Himachal Pradesh Cricket Association Stadium, Dharamsala",3,0,42,20,10.5,47.19,398,5,79.6,6.06
Mustafizur Rahman,Bangladesh,India,"Maharashtra Cricket Association Stadium, Pune",1,0,42,20,10.5,47.19,398,5,79.6,6.06
Mustafizur Rahman,Bangladesh,Netherlands,"Eden Gardens, Kolkata",20,2,42,20,10.5,47.19,398,5,79.6,6.06
Mustafizur Rahman,Bangladesh,New Zealand,"MA Chidambaram Stadium, Chepauk, Chennai",4,2,42,20,10.5,47.19,398,5,79.6,6.06
Mustafizur Rahman,Bangladesh,Pakistan,"Eden Gardens, Kolkata",3,0,42,20,10.5,47.19,398,5,79.6,6.06
Mustafizur Rahman,Bangladesh,South Africa,"Wankhede Stadium, Mumbai",11,0,42,20,10.5,47.19,398,5,79.6,6.06
Najibullah Zadran,Afghanistan,Bangladesh,"Himachal Pradesh Cricket Association Stadium, Dharamsala",5,0,7,5,3.5,33.33,0,0,0.0,0.0
Najibullah Zadran,Afghanistan,India,"Arun Jaitley Stadium, Delhi",2,0,7,5,3.5,33.33,0,0,0.0,0.0
Nasum Ahmed,Bangladesh,India,"Maharashtra Cricket Association Stadium, Pune",14,0,40,19,13.33,83.33,172,0,0.0,7.02
Nasum Ahmed,Bangladesh,South Africa,"Wankhede Stadium, Mumbai",19,0,40,19,13.33,83.33,172,0,0.0,7.02
Naveen-ul-Haq,Afghanistan,Bangladesh,"Himachal Pradesh Cricket Association Stadium, Dharamsala",0,1,16,9,4.0,64.0,352,8,44.0,6.55
Naveen-ul-Haq,Afghanistan,England,"Arun Jaitley Stadium, Delhi",5,1,16,9,4.0,64.0,352,8,44.0,6.55
Naveen-ul-Haq,Afghanistan,India,"Arun Jaitley Stadium, Delhi",9,0,16,9,4.0,64.0,352,8,44.0,6.55
Naveen-ul-Haq,Afghanistan,New Zealand,"MA Chidambaram Stadium, Chepauk, Chennai",0,2,16,9,4.0,64.0,352,8,44.0,6.55
P Nissanka,Sri Lanka,Afghanistan,"Maharashtra Cricket Association Stadium, Pune",46,0,332,77,41.5,89.48,0,0,0.0,0.0
P Nissanka,Sri Lanka,Australia,"Bharat Ratna Shri Atal Bihari Vajpayee Ekana Cricket Stadium, Lucknow",61,0,332,77,41.5,89.48,0,0,0.0,0.0
P Nissanka,Sri Lanka,England,"M Chinnaswamy Stadium, Bengaluru",77,0,332,77,41.5,89.48,0,0,0.0,0.0
P Nissanka,Sri Lanka,Netherlands,"Bharat Ratna Shri Atal Bihari Vajpayee Ekana Cricket Stadium, Lucknow",54,0,332,77,41.5,89.48,0,0,0.0,0.0
P Nissanka,Sri Lanka,Pakistan,"Rajiv Gandhi International Stadium, Uppal, Hyderabad",51,0,332,77,41.5,89.48,0,0,0.0,0.0
P Nissanka,Sri Lanka,South Africa,"Arun Jaitley Stadium, Delhi",0,0,332,77,41.5,89.48,0,0,0.0,0.0
PA van Meekeren,Netherlands,Australia,"Arun Jaitley Stadium, Delhi",0,0,26,7,4.33,48.14,447,12,37.25,6.01
PA van Meekeren,Netherlands,Bangladesh,"Eden Gardens, Kolkata",0,4,26,7,4.33,48.14,447,12,37.25,6.01
PA van Meekeren,Netherlands,New Zealand,"Rajiv Gandhi International Stadium, Uppal, Hyderabad",4,2,26,7,4.33,48.14,447,12,37.25,6.01
PA van Meekeren,Netherlands,Pakistan,"Rajiv Gandhi International Stadium, Uppal, Hyderabad",7,1,26,7,4.33,48.14,447,12,37.25,6.01
PA van Meekeren,Netherlands,Sri Lanka,"Bharat Ratna Shri Atal Bihari Vajpayee Ekana Cricket Stadium, Lucknow",4,1,26,7,4.33,48.14,447,12,37.25,6.01
PJ Cummins,Australia,India,"MA Chidambaram Stadium, Chepauk, Chennai",15,0,114,37,28.5,72.61,430,10,43.0,6.15
PJ Cummins,Australia,Netherlands,"Arun Jaitley Stadium, Delhi",12,1,114,37,28.5,72.61,430,10,43.0,6.15
PJ Cummins,Australia,New Zealand,"Himachal Pradesh Cricket Association Stadium, Dharamsala",37,2,114,37,28.5,72.61,430,10,43.0,6.15
PJ Cummins,Australia,Pakistan,"M Chinnaswamy Stadium, Bengaluru",6,2,114,37,28.5,72.61,430,10,43.0,6.15
PJ Cummins,Australia,South Africa,"Bharat Ratna Shri Atal Bihari Vajpayee Ekana Cricket Stadium, Lucknow",22,1,114,37,28.5,72.61,430,10,43.0,6.15
PVD Chameera,Sri Lanka,Afghanistan,"Maharashtra Cricket Association Stadium, Pune",1,0,6,4,1.5,15.38,196,2,98.0,6.25
Q de Kock,South Africa,Australia,"Bharat Ratna Shri Atal Bihari Vajpayee Ekana Cricket Stadium, Lucknow",109,0,591,174,65.66,109.24,0,0,0.0,0.0
Q de Kock,South Africa,Bangladesh,"Wankhede Stadium, Mumbai",174,0,591,174,65.66,109.24,0,0,0.0,0.0
Q de Kock,South Africa,England,"Wankhede Stadium, Mumbai",4,0,591,174,65.66,109.24,0,0,0.0,0.0
Q de Kock,South Africa,Netherlands,"Himachal Pradesh Cricket Association Stadium, Dharamsala",20,0,591,174,65.66,109.24,0,0,0.0,0.0
Q de Kock,South Africa,New Zealand,"Maharashtra Cricket Association Stadium, Pune",114,0,591,174,65.66,109.24,0,0,0.0,0.0
Q de Kock,South Africa,Pakistan,"MA Chidambaram Stadium, Chepauk, Chennai",24,0,591,174,65.66,109.24,0,0,0.0,0.0
Q de Kock,South Africa,Sri Lanka,"Arun Jaitley Stadium, Delhi",100,0,591,174,65.66,109.24,0,0,0.0,0.0
R Klein,Netherlands,New Zealand,"Rajiv Gandhi International Stadium, Uppal, Hyderabad",8,0,8,8,8.0,53.33,41,0,0.0,5.85
R Ravindra,New Zealand,Afghanistan,"MA Chidambaram Stadium, Chepauk, Chennai",32,1,565,123,70.62,108.44,333,5,66.6,5.67
R Ravindra,New Zealand,Australia,"Himachal Pradesh Cricket Association Stadium, Dharamsala",116,0,565,123,70.62,108.44,333,5,66.6,5.67
R Ravindra,New Zealand,Bangladesh,"MA Chidambaram Stadium, Chepauk, Chennai",9,0,565,123,70.62,108.44,333,5,66.6,5.67
R Ravindra,New Zealand,England,"Narendra Modi Stadium, Ahmedabad",123,1,565,123,70.62,108.44,333,5,66.6,5.67
R Ravindra,New Zealand,India,"Himachal Pradesh Cricket Association Stadium, Dharamsala",75,0,565,123,70.62,108.44,333,5,66.6,5.67
R Ravindra,New Zealand,Netherlands,"Rajiv Gandhi International Stadium, Uppal, Hyderabad",51,1,565,123,70.62,108.44,333,5,66.6,5.67
R Ravindra,New Zealand,South Africa,"Maharashtra Cricket Association Stadium, Pune",9,0,565,123,70.62,108.44,333,5,66.6,5.67
RA Jadeja,India,England,"Bharat Ratna Shri Atal Bihari Vajpayee Ekana Cricket Stadium, Lucknow",8,1,111,39,55.5,115.62,292,16,18.25,3.97
RA Jadeja,India,New Zealand,"Himachal Pradesh Cricket Association Stadium, Dharamsala",39,0,111,39,55.5,115.62,292,16,18.25,3.97
RE van der Merwe,Netherlands,Australia,"Arun Jaitley Stadium, Delhi",0,1,68,29,8.5,80.0,311,6,51.83,5.55
RE van der Merwe,Netherlands,New Zealand,"Rajiv Gandhi International Stadium, Uppal, Hyderabad",1,2,68,29,8.5,80.0,311,6,51.83,5.55
RE van der Merwe,Netherlands,Pakistan,"Rajiv Gandhi International Stadium, Uppal, Hyderabad",4,0,68,29,8.5,80.0,311,6,51.83,5.55
RE van der Merwe,Netherlands,South Africa,"Himachal Pradesh Cricket Association Stadium, Dharamsala",29,2,68,29,8.5,80.0,311,6,51.83,5.55
RE van der Merwe,Netherlands,Sri Lanka,"Bharat Ratna Shri Atal Bihari Vajpayee Ekana Cricket Stadium, Lucknow",7,0,68,29,8.5,80.0,311,6,51.83,5.55
RG Sharma,India,Afghanistan,"Arun Jaitley Stadium, Delhi",131,0,503,131,55.88,121.49,7,1,7.0,8.4
RG Sharma,India,Australia,"MA Chidambaram Stadium, Chepauk, Chennai",0,0,503,131,55.88,121.49,7,1,7.0,8.4
RG Sharma,India,Bangladesh,"Maharashtra Cricket Association Stadium, Pune",48,0,503,131,55.88,121.49,7,1,7.0,8.4
RG Sharma,India,England,"Bharat Ratna Shri Atal Bihari Vajpayee Ekana Cricket Stadium, Lucknow",87,0,503,131,55.88,121.49,7,1,7.0,8.4
RG Sharma,India,New Zealand,"Himachal Pradesh Cricket Association Stadium, Dharamsala",46,0,503,131,55.88,121.49,7,1,7.0,8.4
RG Sharma,India,Pakistan,"Narendra Modi Stadium, Ahmedabad",86,0,503,131,55.88,121.49,7,1,7.0,8.4
RJW Topley,England,Afghanistan,"Arun Jaitley Stadium, Delhi",15,2,16,15,0.0,177.77,183,8,22.87,6.61
RJW Topley,England,Bangladesh,"Himachal Pradesh Cricket Association Stadium, Dharamsala",1,4,16,15,0.0,177.77,183,8,22.87,6.61
RR Hendricks,South Africa,Bangladesh,"Wankhede Stadium, Mumbai",12,0,97,85,48.5,103.19,0,0,0.0,0.0
RR Hendricks,South Africa,England,"Wankhede Stadium, Mumbai",85,0,97,85,48.5,103.19,0,0,0.0,0.0
Rahmanullah Gurbaz,Afghanistan,Bangladesh,"Himachal Pradesh Cricket Association Stadium, Dharamsala",47,0,280,80,31.11,98.93,0,0,0.0,0.0
Rahmanullah Gurbaz,Afghanistan,England,"Arun Jaitley Stadium, Delhi",80,0,280,80,31.11,98.93,0,0,0.0,0.0
Rahmanullah Gurbaz,Afghanistan,India,"Arun Jaitley Stadium, Delhi",21,0,280,80,31.11,98.93,0,0,0.0,0.0
Rahmanullah Gurbaz,Afghanistan,New Zealand,"MA Chidambaram Stadium, Chepauk, Chennai",11,0,280,80,31.11,98.93,0,0,0.0,0.0
Rahmanullah Gurbaz,Afghanistan,Pakistan,"MA Chidambaram Stadium, Chepauk, Chennai",65,0,280,80,31.11,98.93,0,0,0.0,0.0
Rahmanullah Gurbaz,Afghanistan,Sri Lanka,"Maharashtra Cricket Association Stadium, Pune",0,0,280,80,31.11,98.93,0,0,0.0,0.0
Rahmat Shah,Afghanistan,Bangladesh,"Himachal Pradesh Cricket Association Stadium, Dharamsala",18,0,320,77,40.0,76.37,12,0,0.0,12.0
Rahmat Shah,Afghanistan,England,"Arun Jaitley Stadium, Delhi",3,0,320,77,40.0,76.37,12,0,0.0,12.0
Rahmat Shah,Afghanistan,India,"Arun Jaitley Stadium, Delhi",16,0,320,77,40.0,76.37,12,0,0.0,12.0
Rahmat Shah,Afghanistan,New Zealand,"MA Chidambaram Stadium, Chepauk, Chennai",36,0,320,77,40.0,76.37,12,0,0.0,12.0
Rahmat Shah,Afghanistan,Pakistan,"MA Chidambaram Stadium, Chepauk, Chennai",77,0,320,77,40.0,76.37,12,0,0.0,12.0
Rahmat Shah,Afghanistan,Sri Lanka,"Maharashtra Cricket Association Stadium, Pune",62,0,320,77,40.0,76.37,12,0,0.0,12.0
Rashid Khan,Afghanistan,Bangladesh,"Himachal Pradesh Cricket Association Stadium, Dharamsala",9,0,105,35,21.0,94.59,388,11,35.27,4.48
Rashid Khan,Afghanistan,England,"Arun Jaitley Stadium, Delhi",23,3,105,35,21.0,94.59,388,11,35.27,4.48
Rashid Khan,Afghanistan,India,"Arun Jaitley Stadium, Delhi",16,2,105,35,21.0,94.59,388,11,35.27,4.48
Rashid Khan,Afghanistan,New Zealand,"MA Chidambaram Stadium, Chepauk, Chennai",8,1,105,35,21.0,94.59,388,11,35.27,4.48
S Samarawickrama,Sri Lanka,Afghanistan,"Maharashtra Cricket Association Stadium, Pune",36,0,373,108,53.28,102.19,0,0,0.0,0.0
S Samarawickrama,Sri Lanka,Australia,"Bharat Ratna Shri Atal Bihari Vajpayee Ekana Cricket Stadium, Lucknow",8,0,373,108,53.28,102.19,0,0,0.0,0.0
S Samarawickrama,Sri Lanka,England,"M Chinnaswamy Stadium, Bengaluru",65,0,373,108,53.28,102.19,0,0,0.0,0.0
S Samarawickrama,Sri Lanka,Netherlands,"Bharat Ratna Shri Atal Bihari Vajpayee Ekana Cricket Stadium, Lucknow",91,0,373,108,53.28,102.19,0,0,0.0,0.0
S Samarawickrama,Sri Lanka,Pakistan,"Rajiv Gandhi International Stadium, Uppal, Hyderabad",108,0,373,108,53.28,102.19,0,0,0.0,0.0
S Samarawickrama,Sri Lanka,South Africa,"Arun Jaitley Stadium, Delhi",23,0,373,108,53.28,102.19,0,0,0.0,0.0
SA Edwards,Netherlands,Australia,"Arun Jaitley Stadium, Delhi",12,0,259,78,37.0,86.91,0,0,0.0,0.0
SA Edwards,Netherlands,Bangladesh,"Eden Gardens, Kolkata",68,0,259,78,37.0,86.91,0,0,0.0,0.0
SA Edwards,Netherlands,New Zealand,"Rajiv Gandhi International Stadium, Uppal, Hyderabad",30,0,259,78,37.0,86.91,0,0,0.0,0.0
SA Edwards,Netherlands,Pakistan,"Rajiv Gandhi International Stadium, Uppal, Hyderabad",0,0,259,78,37.0,86.91,0,0,0.0,0.0
SA Edwards,Netherlands,South Africa,"Himachal Pradesh Cricket Association Stadium, Dharamsala",78,0,259,78,37.0,86.91,0,0,0.0,0.0
SA Edwards,Netherlands,Sri Lanka,"Bharat Ratna Shri Atal Bihari Vajpayee Ekana Cricket Stadium, Lucknow",16,0,259,78,37.0,86.91,0,0,0.0,0.0
SA Engelbrecht,Netherlands,Australia,"Arun Jaitley Stadium, Delhi",11,0,300,70,37.5,66.66,0,0,0.0,0.0
SA Engelbrecht,Netherlands,Bangladesh,"Eden Gardens, Kolkata",35,0,300,70,37.5,66.66,0,0,0.0,0.0
SA Engelbrecht,Netherlands,New Zealand,"Rajiv Gandhi International Stadium, Uppal, Hyderabad",29,0,300,70,37.5,66.66,0,0,0.0,0.0
SA Engelbrecht,Netherlands,South Africa,"Himachal Pradesh Cricket Association Stadium, Dharamsala",19,0,300,70,37.5,66.66,0,0,0.0,0.0
SA Engelbrecht,Netherlands,Sri Lanka,"Bharat Ratna Shri Atal Bihari Vajpayee Ekana Cricket Stadium, Lucknow",70,0,300,70,37.5,66.66,0,0,0.0,0.0
SA Yadav,India,England,"Bharat Ratna Shri Atal Bihari Vajpayee Ekana Cricket Stadium, Lucknow",49,0,87,49,21.75,116.0,17,0,0.0,8.5
SA Yadav,India,New Zealand,"Himachal Pradesh Cricket Association Stadium, Dharamsala",2,0,87,49,21.75,116.0,17,0,0.0,8.5
SM Curran,England,Afghanistan,"Arun Jaitley Stadium, Delhi",10,0,35,14,11.66,61.4,140,2,70.0,8.07
SM Curran,England,Bangladesh,"Himachal Pradesh Cricket Association Stadium, Dharamsala",11,1,35,14,11.66,61.4,140,2,70.0,8.07
SM Curran,England,New Zealand,"Narendra Modi Stadium, Ahmedabad",14,1,35,14,11.66,61.4,140,2,70.0,8.07
SPD Smith,Australia,India,"MA Chidambaram Stadium, Chepauk, Chennai",46,0,268,71,38.28,88.74,0,0,0.0,0.0
SPD Smith,Australia,Netherlands,"Arun Jaitley Stadium, Delhi",71,0,268,71,38.28,88.74,0,0,0.0,0.0
SPD Smith,Australia,New Zealand,"Himachal Pradesh Cricket Association Stadium, Dharamsala",18,0,268,71,38.28,88.74,0,0,0.0,0.0
SPD Smith,Australia,Pakistan,"M Chinnaswamy Stadium, Bengaluru",7,0,268,71,38.28,88.74,0,0,0.0,0.0
SPD Smith,Australia,South Africa,"Bharat Ratna Shri Atal Bihari Vajpayee Ekana Cricket Stadium, Lucknow",19,0,268,71,38.28,88.74,0,0,0.0,0.0
SPD Smith,Australia,Sri Lanka,"Bharat Ratna Shri Atal Bihari Vajpayee Ekana Cricket Stadium, Lucknow",0,0,268,71,38.28,88.74,0,0,0.0,0.0
SS Iyer,India,Afghanistan,"Arun Jaitley Stadium, Delhi",25,0,421,128,70.16,106.58,0,0,0.0,0.0
SS Iyer,India,Australia,"MA Chidambaram Stadium, Chepauk, Chennai",0,0,421,128,70.16,106.58,0,0,0.0,0.0
SS Iyer,India,Bangladesh,"Maharashtra Cricket Association Stadium, Pune",19,0,421,128,70.16,106.58,0,0,0.0,0.0
SS Iyer,India,England,"Bharat Ratna Shri Atal Bihari Vajpayee Ekana Cricket Stadium, Lucknow",4,0,421,128,70.16,106.58,0,0,0.0,0.0
SS Iyer,India,New Zealand,"Himachal Pradesh Cricket Association Stadium, Dharamsala",33,0,421,128,70.16,106.58,0,0,0.0,0.0
SS Iyer,India,Pakistan,"Narendra Modi Stadium, Ahmedabad",53,0,421,128,70.16,106.58,0,0,0.0,0.0
Saqib Zulfiqar,Netherlands,Pakistan,"Rajiv Gandhi International Stadium, Uppal, Hyderabad",10,0,13,10,6.5,39.39,40,1,40.0,8.0
Saud Shakeel,Pakistan,Afghanistan,"MA Chidambaram Stadium, Chepauk, Chennai",25,0,241,68,34.42,97.96,0,0,0.0,0.0
Saud Shakeel,Pakistan,Australia,"M Chinnaswamy Stadium, Bengaluru",30,0,241,68,34.42,97.96,0,0,0.0,0.0
Saud Shakeel,Pakistan,India,"Narendra Modi Stadium, Ahmedabad",6,0,241,68,34.42,97.96,0,0,0.0,0.0
Saud Shakeel,Pakistan,Netherlands,"Rajiv Gandhi International Stadium, Uppal, Hyderabad",68,0,241,68,34.42,97.96,0,0,0.0,0.0
Saud Shakeel,Pakistan,South Africa,"MA Chidambaram Stadium, Chepauk, Chennai",52,0,241,68,34.42,97.96,0,0,0.0,0.0
Saud Shakeel,Pakistan,Sri Lanka,"Rajiv Gandhi International Stadium, Uppal, Hyderabad",31,0,241,68,34.42,97.96,0,0,0.0,0.0
Shadab Khan,Pakistan,Afghanistan,"MA Chidambaram Stadium, Chepauk, Chennai",40,0,121,43,24.2,100.83,237,2,118.5,6.23
Shadab Khan,Pakistan,India,"Narendra Modi Stadium, Ahmedabad",2,0,121,43,24.2,100.83,237,2,118.5,6.23
Shadab Khan,Pakistan,Netherlands,"Rajiv Gandhi International Stadium, Uppal, Hyderabad",32,1,121,43,24.2,100.83,237,2,118.5,6.23
Shadab Khan,Pakistan,South Africa,"MA Chidambaram Stadium, Chepauk, Chennai",43,0,121,43,24.2,100.83,237,2,118.5,6.23
Shaheen Shah Afridi,Pakistan,Afghanistan,"MA Chidambaram Stadium, Chepauk, Chennai",3,1,55,25,18.33,91.66,481,18,26.72,5.93
Shaheen Shah Afridi,Pakistan,Australia,"M Chinnaswamy Stadium, Bengaluru",10,5,55,25,18.33,91.66,481,18,26.72,5.93
Shaheen Shah Afridi,Pakistan,India,"Narendra Modi Stadium, Ahmedabad",2,2,55,25,18.33,91.66,481,18,26.72,5.93
Shaheen Shah Afridi,Pakistan,Netherlands,"Rajiv Gandhi International Stadium, Uppal, Hyderabad",13,1,55,25,18.33,91.66,481,18,26.72,5.93
Shaheen Shah Afridi,Pakistan,South Africa,"MA Chidambaram Stadium, Chepauk, Chennai",2,3,55,25,18.33,91.66,481,18,26.72,5.93
Shakib Al Hasan,Bangladesh,Afghanistan,"Himachal Pradesh Cricket Association Stadium, Dharamsala",14,3,186,82,26.57,82.3,329,9,36.55,5.26
Shakib Al Hasan,Bangladesh,England,"Himachal Pradesh Cricket Association Stadium, Dharamsala",1,1,186,82,26.57,82.3,329,9,36.55,5.26
Shakib Al Hasan,Bangladesh,Netherlands,"Eden Gardens, Kolkata",5,1,186,82,26.57,82.3,329,9,36.55,5.26
Shakib Al Hasan,Bangladesh,New Zealand,"MA Chidambaram Stadium, Chepauk, Chennai",40,1,186,82,26.57,82.3,329,9,36.55,5.26
Shakib Al Hasan,Bangladesh,Pakistan,"Eden Gardens, Kolkata",43,0,186,82,26.57,82.3,329,9,36.55,5.26
Shakib Al Hasan,Bangladesh,South Africa,"Wankhede Stadium, Mumbai",1,1,186,82,26.57,82.3,329,9,36.55,5.26
Shariz Ahmad,Netherlands,Bangladesh,"Eden Gardens, Kolkata",6,0,6,6,6.0,75.0,13,0,0.0,6.5
Shoriful Islam,Bangladesh,England,"Himachal Pradesh Cricket Association Stadium, Dharamsala",12,3,28,12,28.0,100.0,409,10,40.9,6.32
Shoriful Islam,Bangladesh,India,"Maharashtra Cricket Association Stadium, Pune",7,0,28,12,28.0,100.0,409,10,40.9,6.32
Shoriful Islam,Bangladesh,New Zealand,"MA Chidambaram Stadium, Chepauk, Chennai",2,0,28,12,28.0,100.0,409,10,40.9,6.32
Shoriful Islam,Bangladesh,Pakistan,"Eden Gardens, Kolkata",1,0,28,12,28.0,100.0,409,10,40.9,6.32
Shoriful Islam,Bangladesh,South Africa,"Wankhede Stadium, Mumbai",6,1,28,12,28.0,100.0,409,10,40.9,6.32
Shubman Gill,India,Bangladesh,"Maharashtra Cricket Association Stadium, Pune",53,0,270,92,38.57,104.65,11,0,0.0,5.5
Shubman Gill,India,England,"Bharat Ratna Shri Atal Bihari Vajpayee Ekana Cricket Stadium, Lucknow",9,0,270,92,38.57,104.65,11,0,0.0,5.5
Shubman Gill,India,New Zealand,"Himachal Pradesh Cricket Association Stadium, Dharamsala",26,0,270,92,38.57,104.65,11,0,0.0,5.5
Shubman Gill,India,Pakistan,"Narendra Modi Stadium, Ahmedabad",16,0,270,92,38.57,104.65,11,0,0.0,5.5
T Bavuma,South Africa,Australia,"Bharat Ratna Shri Atal Bihari Vajpayee Ekana Cricket Stadium, Lucknow",35,0,145,35,20.71,75.12,0,0,0.0,0.0
T Bavuma,South Africa,Netherlands,"Himachal Pradesh Cricket Association Stadium, Dharamsala",16,0,145,35,20.71,75.12,0,0,0.0,0.0
T Bavuma,South Africa,New Zealand,"Maharashtra Cricket Association Stadium, Pune",24,0,145,35,20.71,75.12,0,0,0.0,0.0
T Bavuma,South Africa,Pakistan,"MA Chidambaram Stadium, Chepauk, Chennai",28,0,145,35,20.71,75.12,0,0,0.0,0.0
T Bavuma,South Africa,Sri Lanka,"Arun Jaitley Stadium, Delhi",8,0,145,35,20.71,75.12,0,0,0.0,0.0
T Shamsi,South Africa,Pakistan,"MA Chidambaram Stadium, Chepauk, Chennai",4,4,8,4,0.0,80.0,170,7,24.28,6.1
TA Boult,New Zealand,Australia,"Himachal Pradesh Cricket Association Stadium, Dharamsala",10,3,19,10,19.0,82.6,418,13,32.15,5.16
TA Boult,New Zealand,India,"Himachal Pradesh Cricket Association Stadium, Dharamsala",0,2,19,10,19.0,82.6,418,13,32.15,5.16
TA Boult,New Zealand,South Africa,"Maharashtra Cricket Association Stadium, Pune",9,1,19,10,19.0,82.6,418,13,32.15,5.16
TG Southee,New Zealand,South Africa,"Maharashtra Cricket Association Stadium, Pune",7,2,7,7,7.0,63.63,156,4,39.0,6.78
TM Head,Australia,New Zealand,"Himachal Pradesh Cricket Association Stadium, Dharamsala",109,0,130,109,32.5,144.44,76,0,0.0,5.42
TWM Latham,New Zealand,Afghanistan,"MA Chidambaram Stadium, Chepauk, Chennai",68,0,155,68,31.0,92.26,0,0,0.0,0.0
TWM Latham,New Zealand,Australia,"Himachal Pradesh Cricket Association Stadium, Dharamsala",21,0,155,68,31.0,92.26,0,0,0.0,0.0
TWM Latham,New Zealand,India,"Himachal Pradesh Cricket Association Stadium, Dharamsala",5,0,155,68,31.0,92.26,0,0,0.0,0.0
TWM Latham,New Zealand,Netherlands,"Rajiv Gandhi International Stadium, Uppal, Hyderabad",53,0,155,68,31.0,92.26,0,0,0.0,0.0
TWM Latham,New Zealand,South Africa,"Maharashtra Cricket Association Stadium, Pune",4,0,155,68,31.0,92.26,0,0,0.0,0.0
Tanzid Hasan,Bangladesh,Afghanistan,"Himachal Pradesh Cricket Association Stadium, Dharamsala",5,0,145,51,16.11,95.39,0,0,0.0,0.0
Tanzid Hasan,Bangladesh,England,"Himachal Pradesh Cricket Association Stadium, Dharamsala",1,0,145,51,16.11,95.39,0,0,0.0,0.0
Tanzid Hasan,Bangladesh,India,"Maharashtra Cricket Association Stadium, Pune",51,0,145,51,16.11,95.39,0,0,0.0,0.0
Tanzid Hasan,Bangladesh,Netherlands,"Eden Gardens, Kolkata",15,0,145,51,16.11,95.39,0,0,0.0,0.0
Tanzid Hasan,Bangladesh,New Zealand,"MA Chidambaram Stadium, Chepauk, Chennai",16,0,145,51,16.11,95.39,0,0,0.0,0.0
Tanzid Hasan,Bangladesh,Pakistan,"Eden Gardens, Kolkata",0,0,145,51,16.11,95.39,0,0,0.0,0.0
Tanzid Hasan,Bangladesh,South Africa,"Wankhede Stadium, Mumbai",12,0,145,51,16.11,95.39,0,0,0.0,0.0
Taskin Ahmed,Bangladesh,England,"Himachal Pradesh Cricket Association Stadium, Dharamsala",15,1,49,17,12.25,52.68,305,5,61.0,5.54
Taskin Ahmed,Bangladesh,Netherlands,"Eden Gardens, Kolkata",11,2,49,17,12.25,52.68,305,5,61.0,5.54
Taskin Ahmed,Bangladesh,New Zealand,"MA Chidambaram Stadium, Chepauk, Chennai",17,0,49,17,12.25,52.68,305,5,61.0,5.54
Taskin Ahmed,Bangladesh,Pakistan,"Eden Gardens, Kolkata",6,0,49,17,12.25,52.68,305,5,61.0,5.54
Towhid Hridoy,Bangladesh,England,"Himachal Pradesh Cricket Association Stadium, Dharamsala",39,0,164,74,32.8,78.09,0,0,0.0,0.0
Towhid Hridoy,Bangladesh,India,"Maharashtra Cricket Association Stadium, Pune",16,0,164,74,32.8,78.09,0,0,0.0,0.0
Towhid Hridoy,Bangladesh,New Zealand,"MA Chidambaram Stadium, Chepauk, Chennai",13,0,164,74,32.8,78.09,0,0,0.0,0.0
Towhid Hridoy,Bangladesh,Pakistan,"Eden Gardens, Kolkata",7,0,164,74,32.8,78.09,0,0,0.0,0.0
Usama Mir,Pakistan,Australia,"M Chinnaswamy Stadium, Bengaluru",0,1,0,0,0.0,0.0,248,4,62.0,7.08
V Kohli,India,Afghanistan,"Arun Jaitley Stadium, Delhi",55,0,594,103,99.0,88.52,15,1,15.0,4.28
V Kohli,India,Australia,"MA Chidambaram Stadium, Chepauk, Chennai",85,0,594,103,99.0,88.52,15,1,15.0,4.28
V Kohli,India,Bangladesh,"Maharashtra Cricket Association Stadium, Pune",103,0,594,103,99.0,88.52,15,1,15.0,4.28
V Kohli,India,England,"Bharat Ratna Shri Atal Bihari Vajpayee Ekana Cricket Stadium, Lucknow",0,0,594,103,99.0,88.52,15,1,15.0,4.28
V Kohli,India,New Zealand,"Himachal Pradesh Cricket Association Stadium, Dharamsala",95,0,594,103,99.0,88.52,15,1,15.0,4.28
V Kohli,India,Pakistan,"Narendra Modi Stadium, Ahmedabad",16,0,594,103,99.0,88.52,15,1,15.0,4.28
Vikramjit Singh,Netherlands,Australia,"Arun Jaitley Stadium, Delhi",25,0,98,52,16.33,65.33,52,0,0.0,7.42
Vikramjit Singh,Netherlands,Bangladesh,"Eden Gardens, Kolkata",3,0,98,52,16.33,65.33,52,0,0.0,7.42
Vikramjit Singh,Netherlands,New Zealand,"Rajiv Gandhi International Stadium, Uppal, Hyderabad",12,0,98,52,16.33,65.33,52,0,0.0,7.42
Vikramjit Singh,Netherlands,Pakistan,"Rajiv Gandhi International Stadium, Uppal, Hyderabad",52,0,98,52,16.33,65.33,52,0,0.0,7.42
Vikramjit Singh,Netherlands,South Africa,"Himachal Pradesh Cricket Association Stadium, Dharamsala",2,0,98,52,16.33,65.33,52,0,0.0,7.42
Vikramjit Singh,Netherlands,Sri Lanka,"Bharat Ratna Shri Atal Bihari Vajpayee Ekana Cricket Stadium, Lucknow",4,0,98,52,16.33,65.33,52,0,0.0,7.42
W Barresi,Netherlands,Bangladesh,"Eden Gardens, Kolkata",41,0,83,41,20.75,74.1,0,0,0.0,0.0
WA Young,New Zealand,Afghanistan,"MA Chidambaram Stadium, Chepauk, Chennai",54,0,206,70,34.33,83.73,0,0,0.0,0.0
WA Young,New Zealand,Australia,"Himachal Pradesh Cricket Association Stadium, Dharamsala",32,0,206,70,34.33,83.73,0,0,0.0,0.0
WA Young,New Zealand,England,"Narendra Modi Stadium, Ahmedabad",0,0,206,70,34.33,83.73,0,0,0.0,0.0
WA Young,New Zealand,India,"Himachal Pradesh Cricket Association Stadium, Dharamsala",17,0,206,70,34.33,83.73,0,0,0.0,0.0
WA Young,New Zealand,Netherlands,"Rajiv Gandhi International Stadium, Uppal, Hyderabad",70,0,206,70,34.33,83.73,0,0,0.0,0.0
WA Young,New Zealand,South Africa,"Maharashtra Cricket Association Stadium, Pune",33,0,206,70,34.33,83.73,0,0,0.0,0.0
